"V1","V2","y"
-0.802570365994576,0.108885502505595,"0"
-0.631805960712804,2.44254161286621,"0"
0.186942201645074,-1.28880062322993,"0"
0.910784774186798,1.41448831413906,"0"
0.693268340572421,-0.332475054915935,"0"
2.20745601391779,1.1544484063916,"0"
-1.57466391790952,-3.96972579928662,"0"
1.53373476291933,0.289066590544102,"0"
0.284386989452424,1.60048953577471,"0"
1.32328424252305,1.27723621920133,"0"
1.51899532884994,1.62924360134457,"0"
-0.543749653716262,-3.36025962462073,"0"
0.834879620247104,0.105901678419032,"0"
-0.692310536530236,-2.55281443721236,"0"
-0.522319646340606,0.555684281395939,"0"
1.8366642132937,0.266588820454702,"0"
0.516101879788242,0.0344235397354663,"0"
-2.03019978487658,-1.15346469436452,"0"
-0.561965654552281,-0.229022549704204,"0"
1.76202586641934,1.65581204439366,"0"
-0.308769503521349,-0.484501592944963,"0"
1.14015862655473,1.17350912808513,"0"
-1.17786999708591,-1.42745294540167,"0"
0.751515505593575,1.42596616735789,"0"
0.131657959590977,1.46252650238224,"0"
0.34908630638893,-0.911889050585702,"0"
0.102558661878058,-1.81055075469149,"0"
2.61585884807018,3.83487517489987,"0"
-0.84469690662626,-1.89570541839272,"0"
0.740269894081497,-0.0446554876392623,"0"
3.292793415673,0.713573833121351,"0"
0.958443241239442,0.271750022132136,"0"
-0.961685470067024,0.0796885391369039,"0"
-2.00812478357239,1.90688424593322,"0"
0.916859447932848,3.74606277535577,"0"
0.423807139912508,-1.05333059901464,"0"
0.537085992571895,-1.39074478961872,"0"
-1.63078172467534,0.0885077680750633,"0"
-0.609779769273273,-0.142153724270741,"0"
-0.0892249122521264,-0.978797978369775,"0"
-0.826627557151859,-0.414751268378533,"0"
1.12646078083936,-2.20926299166531,"0"
0.925678927859868,0.759433819690701,"0"
1.36439604761684,-0.172086524861338,"0"
0.596072858164928,0.574642003878963,"0"
-0.354254721540809,1.87867200741391,"0"
1.82467038700854,1.5683122793576,"0"
2.36555211737372,1.46574730274316,"0"
-1.94334365979069,-1.39008732862723,"0"
-1.83935185371535,-1.2032980269587,"0"
-0.840177201885452,-0.129917549247488,"0"
-1.20242942730779,-0.0271217793628248,"0"
-0.326732026587079,2.79400124490339,"0"
1.28219674642322,1.78135326351798,"0"
1.07535792171456,2.98671827513068,"0"
-1.0250136269561,-0.991960221606636,"0"
1.75994331668326,-0.641654048003632,"0"
-0.413066139259779,-0.735666853629534,"0"
-0.53112180856758,-0.578827899243112,"0"
0.622573718032981,-0.141121113698806,"0"
-0.260010936278173,2.12051857966183,"0"
-0.35368467162764,-0.375200891095474,"0"
0.0936585951976169,1.17990639515662,"0"
-0.113480799390761,-0.0879296006024879,"0"
-1.04358695721465,-0.773166454113,"0"
-0.108539675047074,-0.982339829510464,"0"
0.238185606522731,-2.41055272467865,"0"
-0.0772821127715826,-2.51435788176357,"0"
-0.58590664554957,-0.996556527209674,"0"
-0.916018350337747,-0.308677018190955,"0"
-2.25259461045577,1.37971000785167,"0"
-2.44224811652617,-1.32958735962663,"0"
-1.77988813906493,-1.63995400213327,"0"
2.87839047788164,0.707756715900745,"0"
-2.30350584626359,-3.20910922569293,"0"
0.613598931813234,0.114698782790313,"0"
-0.739751626836819,-1.68447200360464,"0"
-2.39666463270551,-2.31253154462971,"0"
1.17455977962924,-0.732032977135354,"0"
-1.29813074174603,2.73039960731016,"0"
0.507559330265384,-0.267887213120735,"0"
1.74489310998701,1.85199428052151,"0"
-0.135508793325655,3.55204142641195,"0"
-0.813860962550096,-2.50635835655796,"0"
-0.131315707312966,0.30616703726095,"0"
3.21103701454005,0.929909379883168,"0"
0.603936385142189,0.017227499381445,"0"
-0.470995891425729,-0.167602900350958,"0"
1.75838089085655,3.78653730967956,"0"
1.80655760782422,2.38883655012084,"0"
-1.37508424593855,1.27382189190269,"0"
-0.174037910128681,-2.42477694620424,"0"
0.6655437851953,-0.100798914390906,"0"
1.76691636654566,-0.827463279943515,"0"
-0.893046896647731,-1.71537585753553,"0"
-0.113141145292327,0.626398725022586,"0"
-0.737360358319075,1.1749558190259,"0"
-2.00329408256822,-2.17546746774074,"0"
1.65351456240241,-1.26000241071599,"0"
0.443215430957195,-0.514466603456966,"0"
1.11224148543247,3.00630557360385,"0"
2.07623317293927,-0.0474601444409744,"0"
-2.3338174297333,3.50675766481667,"0"
1.09402572525793,1.13770400811385,"0"
0.147301412430748,0.863494515673948,"0"
-0.089551947317114,0.662319531381017,"0"
-0.996099909486939,-2.46118492776359,"0"
1.85343782371124,2.90651277864904,"0"
-0.832163464281978,-2.23253977938159,"0"
0.86944244253633,0.132613123069893,"0"
-2.38487779618183,-0.559529861930179,"0"
-0.978321391478852,-0.784887389197234,"0"
-1.00600896866325,2.69189510234785,"0"
-0.977427078384806,-2.83905388458346,"0"
0.356924435002526,0.511813184921128,"0"
-2.29554127424418,-5.23523992129352,"0"
-0.696178268041382,0.762500443093351,"0"
-0.114102245055067,-0.18643692461188,"0"
0.386399731058048,-1.83630229918341,"0"
1.50784771448208,0.347272660111456,"0"
1.30953158580611,1.98914832814832,"0"
0.0220849920188524,-1.42233349385086,"0"
0.950790402706815,-3.02501376398381,"0"
-0.832912574133426,-0.611986232584524,"0"
0.102922831645495,1.68214090099899,"0"
0.319790124859373,0.736976078101724,"0"
-0.176342647951438,-0.443983965482232,"0"
1.32977572464052,2.17607831404471,"0"
-3.12148382101883,0.193589439129011,"0"
0.377586039743765,-0.601753321793836,"0"
1.18248600763877,-0.353207053987355,"0"
-0.112758257695723,1.36632800936344,"0"
2.454610080837,1.01818561922745,"0"
-0.967452768736019,-2.16021627120352,"0"
-0.760996866489198,-1.70649228755785,"0"
-0.228248566486455,0.586825620238014,"0"
-0.31171420201117,4.23024675015138,"0"
0.58195825178951,1.97351471759768,"0"
-2.90994298866477,0.516884998547085,"0"
-1.51279371023054,1.13718950606484,"0"
0.415565085775888,-0.563968701594171,"0"
1.59484165564332,-0.762728860722881,"0"
-1.12441510008961,-1.89177874337834,"0"
-0.612559746047093,1.39094029932236,"0"
0.923535825176776,1.85099737276473,"0"
-0.414662155167342,0.513562148056487,"0"
-0.127354914760466,-2.34715992933659,"0"
2.49148261126744,0.806582726766772,"0"
1.36409933969388,1.8737337668412,"0"
-0.168963170555107,-0.536714060415011,"0"
0.889748530360731,-1.49139784624574,"0"
2.58866351010742,-0.0121475779434593,"0"
2.7680833770416,3.11019429015892,"0"
0.29849378307678,0.991971060419699,"0"
-1.30521882903416,0.21663550505178,"0"
1.46860187152578,0.507652632892764,"0"
-0.838142271471971,-1.26324075234972,"0"
0.297948643989886,1.80729421892067,"0"
-0.705452912641597,-0.363127685376753,"0"
-1.62061892729553,0.420483650145334,"0"
2.28659011606523,2.97188125418731,"0"
0.513810903633287,-2.91636172782358,"0"
0.811664136275268,0.932645119387816,"0"
-0.431018376994308,0.175227299034348,"0"
-0.968548009132121,0.874834114198776,"0"
-0.960041629697747,-2.77576362064554,"0"
-0.0624207947735704,2.20192336263858,"0"
-0.222013905637174,1.13801423196556,"0"
1.30429258701941,0.315047841453359,"0"
-0.657038555461125,-1.01564828254505,"0"
0.672418978261119,-1.56895471374596,"0"
0.244816107423763,-0.412526987879576,"0"
-3.57511602436249,-3.13278672032281,"0"
1.19864214444859,-0.0277904657322411,"0"
1.71890212496989,3.47216589448973,"0"
2.24868128339177,1.63113100656422,"0"
0.460329766085423,-0.204550913930759,"0"
2.36550994464967,1.52706217680633,"0"
-1.66586140885469,-0.646113159370685,"0"
-2.70459622859905,-0.955685786464216,"0"
-3.14108775183545,1.3932156923517,"0"
-1.01445848995772,-0.938024132257276,"0"
-0.03412494826394,0.986552908085107,"0"
1.11819393822891,1.1866636933021,"0"
-1.23099746961034,-2.50539998729295,"0"
-0.444730493697002,0.346512249293776,"0"
-1.155241750332,-0.384554461119853,"0"
-1.6098490772753,-0.393532627626932,"0"
0.129956380226387,-0.206310784593429,"0"
0.347408703617153,2.94707597520778,"0"
1.41073613762255,2.13865887246846,"0"
-1.21728745850789,-0.0203730872639735,"0"
1.57111558473763,0.27906545806842,"0"
-2.81876631812439,-0.105184562421352,"0"
-2.88551139435855,-1.99900263767642,"0"
2.02236814852769,1.47757904890897,"0"
1.60217537200506,0.876332092001916,"0"
-0.451947954531594,-1.608327566905,"0"
2.20708252135799,0.594145656337232,"0"
-0.703161774760953,1.23964615564595,"0"
2.09477668298248,3.5741875618407,"0"
-0.956955240351499,-0.860909756030502,"0"
-0.694938974810377,-0.774345316821453,"0"
-0.600695633264466,-0.622162143810155,"0"
1.75785161524623,-0.718247174040113,"0"
-0.32224479144408,0.984038052926293,"0"
1.2972424524784,-0.948132635799957,"0"
-0.529186038727436,0.725749338146043,"0"
1.31921019522397,-0.0966183256464183,"0"
-1.41289004080244,2.44309733851562,"0"
1.74439023702585,-0.742273209385751,"0"
-0.661243879014866,-3.01452874028513,"0"
1.30803962998274,2.92820242940871,"0"
-2.50682064591452,-1.85826590234701,"0"
-1.10381734493126,-1.36714095561629,"0"
-2.63580460546842,0.191635575175366,"0"
-2.11646149102105,-0.540239910445695,"0"
0.751775852991313,-0.144517775568873,"0"
1.21938889127778,0.246082004192986,"0"
-0.681413229999989,0.889214680903974,"0"
-0.021163252122929,2.87478547268536,"0"
0.25196405234576,1.44496258755768,"0"
-0.694991726238607,-5.05093647626754,"0"
-2.01809094115911,-1.16540253457978,"0"
-0.435264603144118,-3.90873645766568,"0"
1.12727203332387,-0.71583630019784,"0"
-1.5416955217545,-2.89118917427039,"0"
-1.98280973221187,-0.376561267954951,"0"
0.0194433481617691,-3.40362751825015,"0"
-1.20830288487821,0.585172307982105,"0"
0.0800188232276527,3.53674426097511,"0"
1.9081122381948,1.41788939859917,"0"
0.097492688480599,0.476864004014542,"0"
-0.767541285800295,0.839083793853159,"0"
2.38936745036491,2.324191727881,"0"
-1.64533966588769,-3.01843687766735,"0"
-0.00767448178157382,0.714456502960772,"0"
1.43104149530948,-1.80438789430639,"0"
0.57740106085054,0.515649378078195,"0"
1.63426993578218,0.340456300097755,"0"
-0.864402184287896,-2.06717017910716,"0"
-0.82982934508456,-0.784201866088319,"0"
4.03018670851814,4.92602918230993,"0"
-0.568555487233575,-1.82975828030846,"0"
-2.54828502272999,0.234566262573017,"0"
-0.758714949544562,3.53254576661992,"0"
-1.18284734805548,-0.098729044133933,"0"
4.88408923564172,-0.648556430620339,"0"
0.0636773255167537,-1.78322690093908,"0"
0.194763349361051,-1.3727268473419,"0"
0.00994015150046096,-0.479945793692269,"0"
-1.62492401037698,-0.36524644025881,"0"
1.88273315928014,3.03401011372076,"0"
-1.97047848387444,-0.870684413097704,"0"
1.23377817011757,-1.51890841668324,"0"
-3.78427580904833,-2.41381221162214,"0"
-1.31586092367517,-0.233482731954624,"0"
-0.480478371531358,0.262662700941899,"0"
-0.459787310816709,0.499251115253126,"0"
-0.117076331003966,1.90579902977663,"0"
-0.920400957088638,0.254939398277035,"0"
-1.15030554619426,0.0663767058490668,"0"
-0.613028883101825,-2.88138617178986,"0"
0.184963840702909,1.96103736821056,"0"
0.98441051161631,0.465107682077129,"0"
-1.2611773779159,1.60180350058211,"0"
-0.0377783902527682,-0.742869220758162,"0"
2.01000224164528,-0.775781352831217,"0"
0.834002275305163,2.27918989806799,"0"
0.729130986438145,-0.326663427349359,"0"
-0.460512584204675,0.468240368354031,"0"
0.712792033500716,0.198496928038968,"0"
1.79329921508807,0.316389951808715,"0"
-0.789287017741436,0.686613827214522,"0"
-2.90313339153471,-0.0485368793204307,"0"
0.610941845868196,-0.221107315215632,"0"
-1.66595718186313,-1.03498677513559,"0"
1.89157596393075,-0.761371982512401,"0"
-2.94541186023736,0.624255290995777,"0"
-0.855992032930174,-1.03205784706332,"0"
-1.68013483570655,-0.433274745942239,"0"
0.774288613738372,-0.771637659438316,"0"
-0.478769363678832,1.6685779123009,"0"
-0.392623060795089,-0.352461812482227,"0"
-0.568740922259017,1.32858322214503,"0"
-1.09245195936373,1.12179796246695,"0"
0.957021309748919,-0.533741685385822,"0"
1.48837134510069,1.95446163486358,"0"
1.45018442049134,3.63189741473153,"0"
-3.07945320889918,-2.61948906542066,"0"
-1.84013364558805,-0.161984061181932,"0"
2.72623398412191,3.36947238739081,"0"
0.957580997055659,1.65354545706255,"0"
-0.0470249955201442,0.750789713541238,"0"
0.270566733568508,-1.17251273338955,"0"
-0.447498426851431,-0.324702961915913,"0"
1.5815261312512,-1.31134257510111,"0"
-2.66050394597237,0.620083840750751,"0"
-1.26504845160403,-1.00713607440141,"0"
0.997277891140423,-1.00428341161594,"0"
0.0187288988331843,2.44525790965019,"0"
0.90332183419535,1.09408861101775,"0"
-0.557461954132996,-1.97833500760918,"0"
-2.13251295238874,-0.86632999689852,"0"
2.82716609158391,1.02758306438523,"0"
0.334315862449415,0.619301079231722,"0"
-0.984676058984067,-2.50486415280556,"0"
3.54517730004493,0.148583058936481,"0"
-0.993356851884658,-3.14633539013313,"0"
-0.42170795114736,-0.501321313300358,"0"
-0.932291250165492,-3.12314103321274,"0"
3.02940157450375,3.58026440467824,"0"
0.591500962005564,-1.64862714329734,"0"
0.903354700333002,-0.187162185470612,"0"
0.00260207254134492,2.21436411470386,"0"
-1.85614059512718,-1.26870134531545,"0"
-0.999985760977555,-0.203975535750574,"0"
-2.39338828795145,-1.7076364944239,"0"
1.13655346953569,1.02409130926374,"0"
-1.15876067172822,0.634957987377952,"0"
-3.4588716235519,-1.36968012338303,"0"
0.767271770663484,-0.889542842027668,"0"
-0.567794012662419,-2.72248848972657,"0"
0.56565889581795,-2.87260496160731,"0"
-0.528402017186176,-0.539414491396717,"0"
-0.18371777411323,-1.38121313312145,"0"
2.05380001619304,-1.83820329633944,"0"
-0.605400607130347,-4.91886757731268,"0"
0.16892545834791,0.86787980427441,"0"
-1.26397488156473,0.846686589808446,"0"
0.772777890178897,1.76856824330771,"0"
-1.47611829205096,-1.92526689904402,"0"
-2.54308068527177,-1.1242247412495,"0"
-1.61910568926406,0.735758232707329,"0"
0.80960307243937,3.74858971689978,"0"
-1.20949408204371,1.63424581238864,"0"
-1.19914740930543,-2.64951595843601,"0"
0.32288928137759,-2.2524394223344,"0"
-1.69054007076859,-1.59009481797207,"0"
-0.034280073785894,-1.63093752367427,"0"
1.09396330567874,-1.68960225574691,"0"
0.3446670927866,0.3138238347743,"0"
-1.60614734546936,-1.07550089742928,"0"
-0.591427455162166,1.41901348307277,"0"
1.80354745452584,-1.26511650561904,"0"
1.25630916981762,0.174005019900835,"0"
-2.95322009441834,-1.92520060454919,"0"
0.681865369643421,0.396706591146144,"0"
-3.17299617550333,0.193742065210384,"0"
0.802660808783101,-0.305222080765057,"0"
-0.333281542828624,3.12433580047426,"0"
-0.128427038149562,-0.05308991735096,"0"
-1.98304016805123,-2.65180403869718,"0"
-2.23354984808851,-1.21279850896981,"0"
2.44299431588903,3.42592516920062,"0"
2.5800102909435,2.71576494069043,"0"
-0.724773675087556,-2.15984830676724,"0"
-1.23504805718936,-4.21081835169259,"0"
0.107428446716775,2.72199683862715,"0"
0.536317297990408,1.90698642925765,"0"
0.420436749493805,-1.16616482982971,"0"
2.37433399770208,0.43315636005506,"0"
-1.31977583368519,-0.196762967861531,"0"
-1.80951411496138,0.976125767358289,"0"
0.575074215637428,-0.440620602292222,"0"
-0.368044345377309,1.43421824045181,"0"
-1.78194247401017,-2.01897344976947,"0"
0.437286468721736,-0.629973862775723,"0"
1.20873417592378,-0.0373356337035528,"0"
1.80558357239526,1.23130163752699,"0"
-3.52407586846609,-3.00136374675066,"0"
1.99004179715472,1.59205111890965,"0"
-1.76832244733169,-2.60381868035356,"0"
1.15895619298823,-1.04521835892413,"0"
3.05547125005265,3.5993432964603,"0"
-2.27698064362158,-1.91137092714653,"0"
-1.50432255868749,0.728952797679675,"0"
-2.43780479310886,-3.88155130480953,"0"
3.10900605823155,2.36823977226783,"0"
0.908931280114262,-0.864144788027766,"0"
0.185818063116426,1.05059242359346,"0"
-1.80384879266636,-0.627705698298203,"0"
0.791903183021027,2.93702071824691,"0"
1.30044262987735,2.39010669834317,"0"
-0.168027720509765,-1.84703613353126,"0"
-1.0084400638972,-2.94263451075621,"0"
1.73880971638006,2.71225201675523,"0"
-0.405042233442784,-1.68918994624618,"0"
1.54160404578544,0.590273824929722,"0"
-0.1665828972293,1.78605028432189,"0"
-0.672518382330315,1.7078371596779,"0"
-1.03239118756481,0.392175018672597,"0"
0.793023665371332,-1.98205178358378,"0"
0.511713206889374,-0.0604846487783624,"0"
0.673850708121509,-1.12208043426352,"0"
0.329404882382815,2.32341844390074,"0"
0.499377768097822,1.45524186399936,"0"
-0.638504954243618,-1.82307869194485,"0"
-0.413061677464458,-2.08762940535077,"0"
-3.19336982114295,1.14550243215843,"0"
-2.08933198265359,-3.45987606429637,"0"
1.36603375891211,0.303206194566532,"0"
-0.883136487289279,-0.497574273170714,"0"
-0.262478950421098,1.55720745950603,"0"
0.440522754704339,-2.70108812782637,"0"
0.722567375665025,1.35135539669062,"0"
0.132073881785954,-3.90736380437026,"0"
0.319280152645527,3.29148110631687,"0"
0.541316099920024,-2.64910009007179,"0"
-2.13027237013448,0.294966742835905,"0"
0.0727754145061061,1.57889113494732,"0"
0.430735993471504,0.233274417747473,"0"
0.306808375505891,0.342525310668381,"0"
-0.984056544947465,3.5846790418734,"0"
-1.94896983747022,-0.487644983151998,"0"
-0.164299363372085,2.88567394427899,"0"
1.20896536002463,-0.63041505312489,"0"
0.661419011672578,2.04954756251339,"0"
3.17624620136466,1.24086940045054,"0"
-1.75445950901589,-2.012033056565,"0"
2.08786533409923,-2.87096914110473,"0"
4.12095059450561,0.548234694015819,"0"
-0.574224138808463,0.120416708018103,"0"
1.38309424120016,0.818478617185891,"0"
-2.57753875968882,-0.034119160687217,"0"
0.834257225756308,1.26844675851997,"0"
-2.19002087625127,-4.36895397080517,"0"
-0.753562225201663,-1.71199822691713,"0"
-1.36405881654266,-1.87151895409138,"0"
-0.648926682594475,-0.658793577243902,"0"
1.4162376153698,1.93687833875771,"0"
-1.19392005688924,-0.7835515006062,"0"
0.951980822083811,2.49720609167421,"0"
-0.629171770682931,-2.90851460147457,"0"
0.280422746711787,-0.127275692518443,"0"
2.55121174334288,1.16018252480258,"0"
-1.0003639061849,-0.950201135088635,"0"
-0.635034885348673,0.152321000243196,"0"
0.540395388222222,1.61545565213263,"0"
0.321541532077969,-0.519813966805794,"0"
-1.08841289720139,0.774197987047832,"0"
-0.0266003928841079,0.290758621202594,"0"
2.08830242544814,3.33933573498638,"0"
-0.778621608565883,2.48716298469075,"0"
-1.10641328642352,0.171526620089562,"0"
0.216093699846628,-0.398852341919371,"0"
1.70493119140709,-0.667987775928653,"0"
0.904836274340252,0.192067678932373,"0"
-0.887396214935714,1.76389630786169,"0"
-3.04531122341026,-1.57368696403658,"0"
-2.05841988225504,-0.170233303429432,"0"
0.00044732523322577,-1.81738985674811,"0"
0.560350248159136,-1.54576740902037,"0"
0.98458848202869,0.618807093033557,"0"
0.679561257727956,-1.36423546837395,"0"
-0.0191356103775285,-0.756413031554571,"0"
-1.97213198995836,-0.21750294526751,"0"
2.23080377856962,-0.526233718069608,"0"
-0.0510762965545233,1.1076868437211,"0"
0.681243254440123,3.31828585823516,"0"
1.76893477108409,4.18882443560216,"0"
0.111800658987233,-1.81576673022575,"0"
0.27951170708609,-1.43604892719216,"0"
-1.44766637529477,-0.649567382216281,"0"
1.39716919394626,0.88854256881159,"0"
1.41781511183192,1.82176234797149,"0"
-1.01706636902274,-4.14275781929372,"0"
1.80026027046781,3.94892614785436,"0"
-0.359880398251958,-2.28614819456771,"0"
-0.809533396507367,-1.7093207513492,"0"
0.162370637775791,1.13674104538951,"0"
1.26896004532976,0.681625819548577,"0"
-1.02125795854784,1.0801219349895,"0"
2.58748234982445,4.26922706267765,"0"
-0.525412262492579,0.646177106354279,"0"
1.6051564466067,0.189830129671932,"0"
0.79207558952714,0.5353324952606,"0"
-0.130301982033664,0.242999507230277,"0"
1.4606610626319,1.00891690569183,"0"
-1.36974673051468,-3.96210136101776,"0"
-1.10079440430364,-0.292281361994974,"0"
-2.74242741572557,2.94451001915285,"0"
-2.42625656396026,-2.45851721408957,"0"
1.29487070956296,-3.25199163069899,"0"
0.905457287823674,-0.345126652232868,"0"
0.912775824745058,1.64205374168353,"0"
-1.5485553077886,-1.51227878389722,"0"
-4.43721166672397,-2.60880772986489,"0"
0.687390646850536,0.982802958674682,"0"
2.81100182995905,0.768580489479219,"0"
0.66246833407402,0.277872325500457,"0"
-0.426736716813926,1.11594050843791,"0"
0.681015340021541,0.371022194102871,"0"
-1.13543097031352,-0.333267255659981,"0"
1.29532102164979,1.40474791990119,"0"
-0.881722354817523,-1.29518713679837,"0"
1.04662196377876,1.95113140765235,"0"
0.0648272378708847,-0.493671510816163,"0"
-1.34837384002251,-0.999480732060734,"0"
-2.26740501970426,-1.66812380480828,"0"
1.9234339857162,2.26050395746788,"0"
-1.13005174903652,0.075585182177584,"0"
-0.44471244580179,-2.80611916868635,"0"
0.494666673967251,-2.99001911445947,"0"
-1.39168883959739,1.29306702573495,"0"
-0.814752223037526,-0.543860690518291,"0"
-2.70385193688811,-2.99552671261233,"0"
0.426272073974388,-0.182939488940906,"0"
-1.24748318603421,-2.46174949457594,"0"
-0.848731652147797,3.10749246670431,"0"
-0.19788483517039,1.21073341904697,"0"
1.32846230192605,1.55357583168512,"0"
-0.00114565979581011,-2.0348459858792,"0"
-1.14532091527602,0.950335401362311,"0"
-1.62938595221527,0.472394994136972,"0"
-0.863794436413531,-0.851115273008617,"0"
-1.16152650470516,-0.648086153216759,"0"
1.35476820317837,1.05695162079269,"0"
-0.0372775192809318,1.40460962543372,"0"
2.2772242094641,0.527232761200045,"0"
0.737971895970338,0.62620512763563,"0"
-1.6470340158326,-1.89414242818937,"0"
2.92868186730744,2.12309056066079,"0"
1.06933744000661,0.492183854806153,"0"
0.717421063499218,0.41606523067807,"0"
0.130400635536223,0.393754962936667,"0"
-0.610581519683321,3.75688303535076,"0"
1.02218329532238,-0.166807325414967,"0"
1.46559049477668,-0.673063549876851,"0"
2.22706789769976,-0.114959260887546,"0"
-2.75202884876484,1.56648008862453,"0"
1.3067890848444,-0.94946206009305,"0"
-2.53728874852956,-3.57934334445256,"0"
-0.966144886211982,-3.2074734504726,"0"
-1.06787125152842,0.0136488149986895,"0"
0.91109901973779,-1.1170295476482,"0"
-0.0872869007411599,0.393582874928299,"0"
2.05444946278144,-1.07225862939631,"0"
-2.80781849178036,-3.66121029587542,"0"
0.745372704975048,0.0782890799903573,"0"
1.0169241395173,0.0112557704225827,"0"
0.613900403130532,0.509187381581645,"0"
-0.170010075417183,-1.05219812553441,"0"
1.60516291624128,-0.280292330394765,"0"
0.971216104316574,0.496745541851096,"0"
2.68314550321868,1.78884185850607,"0"
-0.467764676423538,-0.125287635066939,"0"
-0.851830407626801,-3.59787527499127,"0"
2.68193821029333,2.36149943680333,"0"
-0.931035497948577,0.400821233440339,"0"
-0.0351146953834246,-1.84856867384028,"0"
1.97002125339105,0.0617570632335535,"0"
0.384231861907101,0.74845766553475,"0"
-1.72097231430077,-2.16965329379654,"0"
0.120368463894382,0.96432293143919,"0"
0.330994629794179,1.22501533574121,"0"
0.638267798255582,1.03671078938823,"0"
-1.710946180481,0.696041118456826,"0"
-1.23839154413298,-1.04896703358539,"0"
-0.679735761637542,-2.83756022010562,"0"
-0.279919270861004,-0.780672024879461,"0"
-1.16914585463223,-1.17699630996849,"0"
1.30522044208779,-1.73712096472196,"0"
-1.09964035413898,-4.27553511413569,"0"
-1.09079579274264,-1.07190860271953,"0"
1.81025071248634,-1.13555086317228,"0"
-1.65456953625848,-2.6611778385353,"0"
0.622467798910097,2.02188080483091,"0"
-1.78796623520596,-1.11371278901236,"0"
1.65822076539636,-0.720255685692035,"0"
1.07008398268405,0.885399425610546,"0"
-1.40133246566594,1.64614469360766,"0"
0.935836531315649,-0.572212018095764,"0"
-1.37109488098577,-0.957944764557304,"0"
0.93712646200633,-0.695452975036815,"0"
-2.62605487126774,-0.852090238577321,"0"
0.685814477580409,-1.72120239217828,"0"
-0.724577315113845,-2.15662292246633,"0"
0.117718220784424,-0.18746919213018,"0"
-0.248569227501503,-1.06970978864588,"0"
-0.69320526419105,1.25210533195645,"0"
0.0839711182015958,-0.283871859734328,"0"
-4.83704824463034,-3.21424040388385,"0"
0.917868210121662,-0.444231972177142,"0"
-1.80585133613821,-1.14002659369317,"0"
-0.67987105910236,-0.97513833942978,"0"
1.17769274323626,2.74883640629077,"0"
1.76488148277173,2.44108077819905,"0"
-0.179679197737908,1.32930463511697,"0"
-1.39557070879351,-0.555628437982246,"0"
3.00382914970946,0.688267506761677,"0"
-0.61004414603485,-1.09312418859165,"0"
1.74590242943904,3.83386369359275,"0"
0.482395389084617,-0.310572420276649,"0"
2.60126103771083,-0.651211965965788,"0"
1.42051756267899,-0.34917794710622,"0"
-1.01046319380281,1.74071906540759,"0"
-2.57731453043374,-1.10920381024395,"0"
-0.12236283835078,-0.747474641709055,"0"
-2.46292809796001,-1.62343779896466,"0"
-1.51820209826239,2.76596985086159,"0"
-3.24002609224883,-4.18646321826403,"0"
1.25507738063688,1.77051638538937,"0"
-0.336954663690954,-0.415544456573021,"0"
1.45240764951714,2.61522362689728,"0"
-1.76535455730547,1.70254028947933,"0"
0.159527637235816,-0.513637479451624,"0"
2.04667250156568,2.00990873945775,"0"
1.66434703143886,-0.0801192895552005,"0"
1.1643968098208,0.755312214457931,"0"
-0.140904495998009,2.82153506300352,"0"
0.204829838741493,-0.0404863881667459,"0"
0.85469936986113,0.834929262902718,"0"
-0.988689749349181,-0.31979165936945,"0"
3.56387614152151,0.723382385014823,"0"
-0.169184885180626,1.15305281497124,"0"
0.37768621870392,-0.785363488764393,"0"
-1.21477272603592,1.09056793840314,"0"
0.320267751127086,0.859063065934934,"0"
-0.937777361758738,-2.90539504289377,"0"
0.871846011042214,4.08954220038334,"0"
-2.33193908236925,-2.15041095026686,"0"
-1.95755867108101,-1.05530917816595,"0"
1.85159285471042,0.188022799530001,"0"
-0.770464503811327,-2.27538363244138,"0"
0.426229462723661,1.78260885896589,"0"
3.53809086669385,2.97108352718091,"0"
-1.36096126165449,-1.13866366380922,"0"
0.832828189824774,0.180290796780823,"0"
-0.0474320755066554,-2.14315580443263,"0"
-0.888074984697658,-1.71468099923087,"0"
-1.51163530484081,-1.52477351560934,"0"
-0.572751850784175,-0.144416421611392,"0"
0.706424778030784,-0.660450042914189,"0"
-0.654446491212518,2.47112953103516,"0"
1.59435869869522,1.50847175820664,"0"
2.02212128375187,-1.11107999753001,"0"
3.21845302000361,2.75226140436688,"0"
0.625439006340203,1.16193653870438,"0"
0.0484197698793426,-0.168617055282904,"0"
-1.92821730739026,0.751219975709472,"0"
3.62766358723296,4.25141717747765,"0"
0.198650223650385,-0.128363135505506,"0"
0.622828567570123,2.00870305830466,"0"
2.16587648068465,1.17403953091631,"0"
1.52487563050848,0.315986931004674,"0"
1.07029363517609,2.17885101914602,"0"
4.99189683111282,1.09069445402736,"0"
-0.774774101072459,0.541359575448624,"0"
-0.352154525626027,0.948947625067239,"0"
0.897336761765085,2.35007564851898,"0"
-1.71273413127268,-2.3628973397033,"0"
2.23077900997804,0.892614457303005,"0"
-1.61847915756234,-2.12652012840708,"0"
-0.568403418775848,0.825080849999047,"0"
-0.28974009450934,2.11156288149581,"0"
0.39926886464082,0.412482226293706,"0"
-0.118049808960642,-0.511311454989951,"0"
0.144972122437449,1.91303662020185,"0"
-1.48953799773192,1.41393067912782,"0"
-0.243949334697087,1.13604164111931,"0"
-0.517681759409743,-2.30861368611304,"0"
0.270043896778395,-0.973402503310301,"0"
1.27864654334121,-1.04288632124793,"0"
-2.73815292966678,-2.03381357725678,"0"
-1.0556828783856,-1.59101864815973,"0"
-0.520439755911784,-1.09002568196217,"0"
-0.458767252307035,0.424554135278413,"0"
-1.35462546214512,0.915199786892287,"0"
-0.0159387622448077,-0.0658674099337967,"0"
-2.90051563163442,-1.17409516380169,"0"
-0.489478283225966,1.26096469711751,"0"
2.31435635226639,2.54662615452775,"0"
-1.79103114327875,-1.71607304457929,"0"
-0.467516934542595,-1.83188274775962,"0"
-1.95102088056698,0.825053536757822,"0"
0.293438774580831,1.06741830602713,"0"
-1.76650118577963,-0.970116770609979,"0"
-1.88157863914761,-1.79164643560587,"0"
0.0506760588543517,-1.31207326248058,"0"
-1.79176030421739,-2.54497652583233,"0"
-2.25439320461203,-1.93397148611428,"0"
2.13205047615627,-0.561830876599903,"0"
-1.98882157343501,-2.75287909988727,"0"
-0.335363853227659,-0.719271698058106,"0"
0.255086764535491,-0.399066632763921,"0"
1.42821380325923,1.5070144859167,"0"
1.53267372162813,0.757408263083001,"0"
1.50891513643379,0.231839122030276,"0"
1.23272979887316,0.0343511377300793,"0"
-1.33445225080268,-2.2971958239135,"0"
-1.21899577236533,-1.50406960409516,"0"
0.77597454978369,0.0985420325870163,"0"
-1.15947177105853,-1.73314956356597,"0"
2.00510898212891,0.0887194806519248,"0"
-1.85854895466352,-1.13733640759025,"0"
0.399087115037643,1.44756897555985,"0"
-0.0805562718850426,0.162699521114122,"0"
-1.17188738058306,1.01722220941911,"0"
0.376957939880481,1.28625139418325,"0"
2.18723444963243,0.807010751980318,"0"
-0.638202506483,-1.39721160521323,"0"
-1.0906070567835,-1.74373081029162,"0"
0.0322592018102867,-2.37678242292175,"0"
-2.61913016476021,-1.70252022581128,"0"
1.53229244089029,0.561277275568824,"0"
-0.462713541823345,0.978580096613211,"0"
-0.521128536085152,-0.309818744166139,"0"
0.454222223502635,1.8760489035218,"0"
2.19578142268441,2.60191957995441,"0"
1.45460636229716,0.878642091754325,"0"
3.25087475156396,4.08631809072536,"0"
1.75725383024476,0.0579580126857323,"0"
-1.36880929643364,-0.00966611826172031,"0"
-0.674867182279449,0.287435251184914,"0"
-0.458381213121829,1.38846829717191,"0"
3.32674853793241,2.35144327081861,"0"
1.0331634227521,0.304586218330522,"0"
2.9758012571397,0.5731973834729,"0"
2.40615901100064,3.12727417173717,"0"
-0.836295304325919,-5.48259893041686,"0"
-0.305592870445383,0.67044674566281,"0"
-2.21447251568479,-2.62040445567451,"0"
0.339061716047414,-4.46227318495975,"0"
0.234053472238563,-0.38182284748994,"0"
-0.885827211699163,-0.106203959069476,"0"
0.155239130711199,0.437937959304459,"0"
-0.0031951586099091,-0.870331495846491,"0"
0.806664709376652,2.44489742564539,"0"
1.40470219337526,2.7637094718581,"0"
-0.188887591682976,0.902673817800418,"0"
0.451317764036107,-1.10093738350032,"0"
-0.516643534336823,2.91649703336085,"0"
-0.829710853875848,1.34865823483676,"0"
-0.723468260341115,-1.95635493206332,"0"
-2.50362312151123,-2.55079441249193,"0"
-2.97122154791113,-2.13762035094767,"0"
1.15100937584862,-0.672128661866593,"0"
2.33434961205596,0.270537132089151,"0"
-1.38350604772616,-0.788951901994287,"0"
-0.954955930058214,-0.946644835478045,"0"
0.109297303778889,0.159397117277367,"0"
1.21919177520559,1.16454781191943,"0"
1.11190895640042,0.477211984184427,"0"
-0.964552117511516,0.502313599305968,"0"
0.436810086589234,-0.552593897471372,"0"
-0.178309618320453,1.73714716076567,"0"
1.88218511148396,0.63018670991429,"0"
-0.00302232291630811,2.68370456874082,"0"
-2.00810558017123,-1.95556280752018,"0"
0.869332049041357,-1.29804062784711,"0"
0.924156429867511,-1.31059925151795,"0"
0.682676852166904,-0.134477186995794,"0"
1.65929872124727,2.5511369245689,"0"
0.0574377023641077,1.01279223462687,"0"
-2.56253226072531,-1.03172218217473,"0"
-1.59917871375514,-0.0453214506900503,"0"
-0.0956826178710548,-0.40469452922109,"0"
0.0498922147785816,1.55723098303158,"0"
0.390497394326353,3.10458673622511,"0"
-2.50411797013504,-0.00742431464029925,"0"
2.54138045436561,-1.24519753508997,"0"
-1.22513048787498,-0.935104801318307,"0"
0.048690906395257,-0.376287666507785,"0"
-0.00993064035281799,3.12718571872236,"0"
0.522822782017711,1.8975654246887,"0"
-3.72429313254931,0.954155250791721,"0"
1.64900442122234,-0.394767041433188,"0"
0.232397940549096,2.76431070279406,"0"
0.394055898122135,1.77964125615756,"0"
0.75738645862496,-0.0783785631264615,"0"
-0.863374224139687,-2.51058070616609,"0"
-2.95045299736473,-0.733061108046889,"0"
0.207883198890025,-0.768048755419913,"0"
1.02242747076313,1.01234030197034,"0"
-0.452760449745868,-0.0262996254003302,"0"
1.88500443925421,0.956127191065729,"0"
1.26120001095786,1.08737948038529,"0"
2.40831349504275,0.734937965957282,"0"
-1.5120002719196,-1.10496693497635,"0"
0.239580503501512,-0.38110510129195,"0"
-0.0173421311892398,1.07605120230697,"0"
-1.69106000177916,-3.51723383287903,"0"
2.92078126725913,1.39654526792417,"0"
1.34402113480635,-0.189780945058843,"0"
-0.570759513957437,-3.63280359336371,"0"
0.64475368299005,0.912298159805197,"0"
-1.41994633357073,-1.19518492789361,"0"
2.00180307292492,1.23520345817566,"0"
-0.228440199696004,0.545717919392862,"0"
-1.47279852660775,1.55624394304517,"0"
-2.95349655318985,-2.32895774329948,"0"
1.30579249070256,2.1803159477824,"0"
-2.18956233202715,0.459999903789127,"0"
0.458777820667018,0.0509852785045039,"0"
-1.13996411793313,-1.65971855101686,"0"
0.600878526849019,2.1017194246971,"0"
-2.39013892665181,-2.27067146735024,"0"
1.8620536671125,-1.52186203384955,"0"
-3.60891821966767,-0.82357922941397,"0"
0.477875362085924,0.133475698635035,"0"
-1.09081840749772,0.299405526005985,"0"
0.0552385152730929,1.509999110483,"0"
0.63950944733061,1.27744276713529,"0"
0.580557461775986,0.799970097586832,"0"
0.302691916315652,-3.64425026702368,"0"
0.274999625182303,-2.12379937365137,"0"
0.927035667917428,2.35478845484643,"0"
-0.879628704146872,-1.52059493680383,"0"
0.396397170643485,2.66925454349918,"0"
0.187429417234326,0.285924946556561,"0"
-0.923554989475498,-1.0752827160922,"0"
-0.708947759645122,-2.74951523363322,"0"
1.58960277421075,-0.169725125163629,"0"
-2.75981625210506,-0.679867135477804,"0"
-0.913915130021706,-3.12700935210316,"0"
2.45815233163792,-1.23473898547468,"0"
-1.71636411213961,0.328006444440854,"0"
1.35846842674644,0.00245529123547106,"0"
-0.0452605012535924,-1.80131659476116,"0"
1.41647127255389,0.842607375789837,"0"
0.382099870669918,1.30558870946367,"0"
1.13694306316112,-0.921647408999682,"0"
0.340403620532596,-1.52710107374994,"0"
3.21712748196287,1.5014743640103,"0"
-0.20865022421313,-0.846028112382635,"0"
-0.66138850688396,-1.94515570213716,"0"
0.276958678182325,1.013376419623,"0"
-0.970592023246522,-1.54919663905581,"0"
-2.05771779126907,0.43848206947464,"0"
0.390750446906467,-0.251070641278242,"0"
-0.674574608276649,0.26048763422114,"0"
-2.37134162603539,-2.95243197538024,"0"
-2.10655019017549,-1.0842376687984,"0"
1.32052531012969,1.47276579088987,"0"
-0.31712630677557,2.22884051776805,"0"
-1.73712513594374,-1.21071070416553,"0"
-0.957222257041064,0.0327186736591709,"0"
-2.02533544291605,1.44675758528243,"0"
1.97899399528095,2.05546472094319,"0"
0.262840805906775,1.94051209763347,"0"
0.981566493106454,1.7894604980527,"0"
0.33966827279132,0.554975139625621,"0"
-3.0835862738958,-1.60204779383839,"0"
1.42859098289477,0.501767089732902,"0"
-1.98880228893409,-2.02647001594747,"0"
-0.0755503325999727,3.42936136905898,"0"
-0.456671644973366,-1.15524171659451,"0"
-3.49814976537641,-3.91557761440045,"0"
1.40570489537945,-1.05104952458863,"0"
2.12446235507484,-0.033142380781589,"0"
-2.48947976933168,2.97505476507109,"0"
-1.65443252048363,-1.21319179751461,"0"
0.0929770589073253,-0.173271389290477,"0"
-2.58108550844177,-3.06340583449635,"0"
1.69070514846146,-0.751779869430151,"0"
1.69444288835268,3.17442124497935,"0"
-1.30211619257403,-1.4558150893518,"0"
-2.12568767878151,2.58472973864106,"0"
-1.1636348318075,-0.888723306980435,"0"
-1.63624590936507,0.81911883618266,"0"
2.29120089539888,0.910292462284556,"0"
-1.09374208873362,-2.97059526423594,"0"
2.27645192589684,1.66078683574045,"0"
0.334914705663981,2.03563945566071,"0"
1.63706910534051,-0.364457477169832,"0"
-1.37414848395534,1.24052925228476,"0"
0.791210886067002,-0.627783022180228,"0"
3.51281419802512,-3.31201224691022,"0"
0.358811147114293,1.9347651215052,"0"
2.35734614223867,2.14185025547984,"0"
0.460518655351526,1.39037367646928,"0"
0.758543732133967,0.134562995360078,"0"
-0.812008657136323,1.78421805386915,"0"
-0.579108013454165,-0.614979468840392,"0"
0.352150226389013,0.101811002029852,"0"
-2.85795527397655,-1.36728146937786,"0"
1.24267791995591,2.292935195058,"0"
-1.96049523993384,-1.51970188903007,"0"
-3.03893157095525,0.901596903345684,"0"
0.264057694030828,1.34743319566743,"0"
-0.705690304174145,0.180790841290205,"0"
1.26875535933812,-0.0809052600689987,"0"
1.38056906618805,1.38834826279206,"0"
-2.0886941570529,0.00961454649800508,"0"
-3.51213129093389,-1.28145348137456,"0"
-0.475716514426349,1.31091518546742,"0"
0.209896444929149,-0.920696201027236,"0"
-0.156526843589155,0.262275793790907,"0"
-1.61521346189336,-1.48577273794965,"0"
-2.20917884525111,-3.0153054897771,"0"
-0.727987303063938,-0.201954052555126,"0"
-2.0063551911596,0.286434907184868,"0"
-0.818110788572279,0.312254169673951,"0"
0.0746733770421786,-0.590028246110651,"0"
-3.19607962786788,-3.35008268990275,"0"
-3.05435956737896,1.4917434072503,"0"
0.132759459690117,3.17720838730389,"0"
-1.52235178464345,2.04812325608483,"0"
1.23502871004856,-0.939063776623573,"0"
1.17175775015144,1.22113106782212,"0"
0.287699934757828,2.51615704851509,"0"
0.274108576918936,3.35896952368417,"0"
-1.21939725639638,1.84412900953199,"0"
-0.606131823868386,0.432424900745371,"0"
-0.141912676558491,-0.249807076303107,"0"
0.176979581319077,1.53281771565763,"0"
0.484815747018032,2.32216603259155,"0"
0.212847882949448,0.333424719684127,"0"
-0.211621713501504,-0.740018366870277,"0"
0.60878591419816,1.75681592364878,"0"
1.44380111524269,1.95894436791459,"0"
2.50092787666378,1.17043893256653,"0"
0.718870529966817,2.69236040462698,"0"
-0.41577439629294,-1.73610168402338,"0"
-1.44162994753804,-1.40364612555266,"0"
-1.51263673381516,1.94689505177358,"0"
-0.453837515823676,1.71074337909125,"0"
3.15037103546695,0.0885230928385605,"0"
0.322486697186122,-0.858491373962178,"0"
3.66741308620654,-0.887044538446157,"0"
1.90460522795832,1.86237164862277,"0"
1.61457958696556,2.04584610364259,"0"
1.04130072144848,1.23388243791043,"0"
-1.08208473502156,0.478930804575072,"0"
0.407084849808166,4.71026017001969,"0"
1.28115426254787,1.66794526984345,"0"
-3.4864081728855,-2.97962497026707,"0"
-1.53501064136725,-1.31612942757581,"0"
-0.572670945399196,0.910468848859402,"0"
-0.423639093854091,-0.585077031148169,"0"
0.952055864462609,-3.20143277426259,"0"
0.179672572615791,1.4450979308848,"0"
1.41232234565792,-0.00102379067541025,"0"
-0.656026336137804,-0.450907293740164,"0"
-0.73129291742737,-0.862454968172568,"0"
-1.92725049732171,-0.774349982559326,"0"
0.141185918200445,-0.871907024797731,"0"
-2.0621863472602,-3.13594399641101,"0"
0.0259232927968404,2.80470501713231,"0"
-0.975573364433169,-1.26461987461474,"0"
3.19229998006251,-2.42615512417318,"0"
0.412081567604709,1.17682300169635,"0"
-0.274170167514644,1.85829750197428,"0"
1.12591331555024,0.352412027746027,"0"
-1.50165166645478,0.170822300297515,"0"
-0.729382643161661,-1.61149733884061,"0"
0.39646314402526,1.03482526929048,"0"
0.166817533985298,1.41828688903779,"0"
-3.21619533370822,0.440488070719491,"0"
-0.69280404084083,0.301962002051115,"0"
1.62490859230141,0.610315740427839,"0"
-0.732193589722142,-4.44580029147186,"0"
-1.4319463182013,0.879035470534445,"0"
-1.98537981769428,-0.651261299862699,"0"
0.303438423315748,-0.503496570343522,"0"
-1.64639868425294,-2.76248156618856,"0"
-0.256026700197614,-3.15913052418915,"0"
-1.30972329770645,-0.490442283033537,"0"
-1.38146028103702,-0.590763878816228,"0"
1.18982242997074,0.310282216966155,"0"
0.708435139153762,2.7647867333944,"0"
-0.060442240129869,0.449482701251985,"0"
-2.7206296104605,-0.592313018019548,"0"
-1.44376298774132,-2.32935622260657,"0"
1.37264010565568,0.28904021071864,"0"
1.00593651042935,-1.23846405247505,"0"
-3.25340593348154,-0.503316054166806,"0"
2.12500795757142,4.63560752181019,"0"
1.565670352907,2.09238859384618,"0"
-0.732854761104929,0.400243963165657,"0"
-0.517098614622166,0.563601713243315,"0"
-1.75371721977624,-1.03743546766791,"0"
-1.99418500269687,-0.396400109403324,"0"
0.641456699999938,0.244948811403184,"0"
-0.956638933630193,-0.613593125461034,"0"
-2.33358032740644,-0.912477898146106,"0"
-2.44888549058396,-0.603229327064957,"0"
2.63891982377133,1.76701728492448,"0"
2.47802815117688,2.7828827411156,"0"
-0.336040099182207,0.511211195170308,"0"
-2.22515594947958,0.926741900871139,"0"
-0.684200490587155,1.36643251141354,"0"
-2.20274370408297,1.34342162104976,"0"
-0.229005384440627,2.26245148554574,"0"
-0.23394188655292,-1.09183979482347,"0"
0.666885684930027,0.0628027973414656,"0"
-1.15259335705572,-1.72548991183092,"0"
3.00860421091271,-0.83256036975407,"0"
0.700913219439054,-0.178000817633475,"0"
-1.8526573807981,-2.6958552505123,"0"
-2.50577406259167,-2.87579099110263,"0"
-1.83644914125573,0.681184791595966,"0"
0.323686322894204,3.32421572971281,"0"
1.40711012075353,3.00983287169128,"0"
0.966641866642953,1.60173826441301,"0"
0.512475258703743,-0.532199047985172,"0"
1.26850802109729,0.28636694131753,"0"
1.16322983816617,-1.0236591655075,"0"
1.28084188585343,-0.204465687144012,"0"
0.11385041463768,-2.84450979254101,"1"
2.61970074406333,2.03853980932877,"1"
0.944150068165979,2.39283522023702,"1"
1.05351567882921,-1.62056699438615,"1"
-1.12306605809801,0.583842821984691,"1"
0.687213420479645,-1.11647141936247,"1"
1.41722359556646,0.369096931568302,"1"
1.82554913408199,3.58254407515635,"1"
0.374895022083618,-0.750293509098479,"1"
1.14335694280806,3.85037926651552,"1"
-0.734749426030401,-0.674809294044856,"1"
0.284247384610062,1.74964191608532,"1"
3.38332796196972,0.0721740768763597,"1"
0.573499597881378,-2.40619042879641,"1"
-0.0414973560298511,2.53746992402447,"1"
0.25467962256364,0.027057008984396,"1"
0.646960555161333,0.875398951202309,"1"
2.61961510955958,3.49242281251279,"1"
3.00858995573927,-2.70883902564815,"1"
0.537285617510523,3.08620766665457,"1"
0.696162478628197,1.63616140007598,"1"
0.351250991549182,-2.73780868705961,"1"
-0.20699657864546,4.79451611531309,"1"
0.738414440533249,4.57596343227449,"1"
1.8673005155776,2.4051618758084,"1"
2.62353223954902,-2.18031741849549,"1"
0.390008785477435,0.373437732529326,"1"
0.0778702319135163,0.487038784087323,"1"
-1.08285463723404,-1.83430795867439,"1"
1.61078100970474,1.48304159582858,"1"
2.3039648225257,0.330942844300837,"1"
0.615460104511524,0.15766357603741,"1"
0.0416447670855211,1.49823261688583,"1"
-0.178879369993869,1.99118656629146,"1"
0.822295693873764,2.54946787143917,"1"
2.24794637649306,0.167566485005087,"1"
0.57028206432596,0.906949550681265,"1"
0.341408459405365,4.20516815353398,"1"
0.93632795124526,2.73765526822867,"1"
1.37837548052549,3.83137633740487,"1"
0.790973243421211,-4.35608918469925,"1"
1.60918047095619,-1.06728035436477,"1"
1.49739149641744,-0.947784673066013,"1"
0.905528092165893,-0.10795338790922,"1"
0.754240424192821,-0.309571217614316,"1"
0.0161947572860258,1.39281492134425,"1"
-0.216526312234446,0.429914271161296,"1"
0.699653935185092,-0.277241001235203,"1"
2.74284789606923,-2.73880119130884,"1"
1.03118449189908,-1.41822825911242,"1"
-0.341050947937753,0.908585547135469,"1"
3.18799111569512,3.84419159105128,"1"
1.18324702147649,-0.305865676761923,"1"
3.04255931610422,0.53101761031925,"1"
0.108575233413708,-1.71494061104383,"1"
0.415972011945491,4.33619023392647,"1"
2.08574335585037,2.11505665723741,"1"
-0.636832818660162,0.45692394073577,"1"
2.0917985539091,0.372493479573936,"1"
0.317976102797393,1.10416137297397,"1"
0.290703532160413,0.29058337130735,"1"
3.39503334179611,2.10201987364532,"1"
2.24878589516192,1.09894030489154,"1"
0.544451184729567,2.31577880405477,"1"
-0.485467412385144,3.93836909790274,"1"
0.778238833895827,-5.04460642731077,"1"
0.130904460413987,0.172216890130492,"1"
2.98921826495574,0.842020464978444,"1"
-0.483828946826627,0.426257897372098,"1"
0.0989762309831588,-2.148034224792,"1"
0.331685068476428,-2.71232902815652,"1"
3.68392291802792,1.55649347117448,"1"
1.62506961668223,-1.30286500417067,"1"
2.29566730742514,2.04425694677842,"1"
0.0613734995836126,0.784524275452704,"1"
0.60036849165861,3.57340272545563,"1"
0.836350900329095,3.17045967381484,"1"
1.72983194527456,0.40164881207449,"1"
0.950081386127186,-0.724820611248533,"1"
0.502001901049374,-1.79183643415276,"1"
0.575622790891925,0.270225339081154,"1"
0.781919301764907,5.99870357579882,"1"
1.14517388983454,-1.95560688649181,"1"
1.9292434867967,0.423958689471267,"1"
2.40937245611348,1.10753600244026,"1"
2.60676777835353,0.965545752815275,"1"
0.457360949440436,4.95738531948019,"1"
-0.366112645231459,1.84979272294065,"1"
0.0236909785200943,3.38594336776537,"1"
1.44095963024445,0.141804881020226,"1"
0.622335733898549,2.77740011552866,"1"
-0.0650061111444522,-0.554542394689394,"1"
1.40786263410391,2.50054334696298,"1"
-0.715003172574646,1.38450937373582,"1"
-0.161733237910984,-0.28365732894032,"1"
2.31243918737546,3.00308018881601,"1"
0.80647215997384,-0.866353639715201,"1"
1.3103294450571,4.16664342717311,"1"
1.90614917487655,1.80228566191299,"1"
1.0756974415288,3.11897833624503,"1"
1.91693803731112,2.6185461538877,"1"
0.288377721322526,-4.37917035807306,"1"
0.432952974597361,3.59839766511642,"1"
0.809708455445182,-0.276096667381552,"1"
-1.03538388162579,-0.208744710894166,"1"
0.191838110923661,-0.213558356977013,"1"
1.08690882050538,0.531405941205612,"1"
2.26252689567853,-2.12759618333362,"1"
-0.493471522783478,-1.19426964390366,"1"
0.970893252115991,5.34736983912858,"1"
2.36978704873579,0.243238677023045,"1"
0.221255123673294,3.52817065835262,"1"
1.30801311704176,0.16299662095321,"1"
0.962357070423673,3.37459713275021,"1"
0.894342306155095,1.40488330459839,"1"
1.78040847427747,-0.0842847590654614,"1"
-1.02653214649499,0.956656012638427,"1"
2.22228260594031,0.652636736230832,"1"
1.66401319172726,-0.0956763958255908,"1"
0.0825579945580552,1.8742115060661,"1"
0.615031438448426,2.68475060755632,"1"
1.95301630505638,0.178736368493215,"1"
1.1008082767632,2.84151138636807,"1"
2.45959521489172,0.206314931667575,"1"
0.516916171222595,0.367561735367909,"1"
2.21000394782544,-0.50596129592336,"1"
0.350732756372953,0.4915110934407,"1"
-0.296369557779375,0.150685818569102,"1"
0.600844271380272,1.11974981804899,"1"
1.6806778643598,4.13884352171537,"1"
1.81130902188698,-1.54253585082295,"1"
2.50467588437595,2.61397420207612,"1"
1.06457698080259,3.68810742106677,"1"
1.54189777188444,0.691869918267264,"1"
0.417668348252014,2.77317726635607,"1"
-1.21115696793904,0.690223437812323,"1"
-0.127113449463931,-3.04023407199359,"1"
1.22262700340144,0.744193755762852,"1"
-1.02404513877355,0.440642241633528,"1"
1.42063065998062,2.28576987375573,"1"
1.29438138269426,2.43828346490091,"1"
1.19250469931832,1.73487927191284,"1"
0.88660107829695,-1.07318723108582,"1"
1.25259116349966,2.84509084518198,"1"
3.27493594555922,0.117122663582401,"1"
1.01175203266549,-3.25398615854043,"1"
0.207885434099546,3.57763616681554,"1"
0.745663471606009,2.13777147125719,"1"
1.66745033017777,-0.899248583646929,"1"
1.01550867236902,1.46506480775373,"1"
0.68831083954055,1.41149811531591,"1"
0.346013075172107,-1.30651541464505,"1"
1.52749091898248,3.78783821882057,"1"
1.18163055610461,0.861396953022986,"1"
0.705534613467457,3.82806067060537,"1"
2.09999772979784,3.80882248360755,"1"
1.62313227800559,1.54788579345563,"1"
1.49964579288254,1.52668296702811,"1"
-0.200118277458398,5.30356388403973,"1"
-0.145469601332997,2.9046113888614,"1"
-0.235924032037547,-0.787692712108315,"1"
0.2910890165287,-1.39531413524661,"1"
0.929909657673983,-0.698458859615615,"1"
1.15686335863042,5.03483021766363,"1"
1.73759262006824,-2.38317844792343,"1"
1.47771659199945,1.14936502675979,"1"
2.9424313403825,2.01029476613687,"1"
0.741538422847772,-1.5249430872462,"1"
1.04678963812031,3.37994153075174,"1"
0.105968835377513,-0.530582612405172,"1"
1.9845250328921,2.83354368873404,"1"
0.710455344935278,0.0249785831615985,"1"
0.728167371092802,3.21243507951081,"1"
1.05862324914749,1.51731242885705,"1"
2.63140558307217,2.73873719303812,"1"
2.21704441715836,4.44079460429054,"1"
0.687222573693306,0.795630594068411,"1"
1.16720447168241,1.91321486637114,"1"
0.498425247578072,1.45387994814633,"1"
0.291366877946456,1.70697479235743,"1"
0.0528024635276406,0.535293991758134,"1"
2.39155568016188,0.311553439584701,"1"
0.302578014841267,2.17082688262159,"1"
-1.99510299027943,1.20397148547359,"1"
1.20675920093,5.68885245669671,"1"
0.439120916416518,-0.604442747187921,"1"
3.28543282824586,1.73448670567898,"1"
0.994134042809228,2.02415442285695,"1"
0.552615775467294,-1.42206488458507,"1"
1.77095382080516,1.17801773877321,"1"
0.901082406324114,-1.63144952039296,"1"
0.20438340730622,1.96476151482265,"1"
0.0483697878914722,1.99907318929007,"1"
2.24215347091829,2.89455965701522,"1"
-0.328748802399805,1.2539135753398,"1"
1.00991538247555,2.80992383662728,"1"
1.38321648763025,-1.61686008443611,"1"
0.661640618267684,3.25437693555276,"1"
1.9347299236631,4.66119181888009,"1"
0.0192673401803639,-0.341490040524061,"1"
0.625671076966068,2.990707656278,"1"
1.10214350882134,3.96588745546683,"1"
1.56004868285497,1.28490191785217,"1"
2.82967173315288,2.03679560102688,"1"
1.69187426192236,1.05602007165992,"1"
0.834954849330109,-0.442070102403093,"1"
-0.281830222708162,0.554302358349434,"1"
1.02731877970987,4.65525566689809,"1"
2.17841191437309,0.287377710149868,"1"
1.93379462989944,-1.17067842423214,"1"
1.11980643627905,1.94352099949417,"1"
-0.697388361964099,3.38541156158839,"1"
0.312199877467449,-2.62091294334281,"1"
-0.242698550889176,-2.94151041311032,"1"
0.587963334595404,2.65160812241761,"1"
0.438441225633749,-1.45363456769776,"1"
0.666416035251474,1.01234903011154,"1"
1.24655948119523,1.89513582689934,"1"
0.754982062454327,0.847133210900945,"1"
2.12304950909888,4.16150072063056,"1"
0.172138672813777,1.98242330426065,"1"
1.01857697701953,3.6418963709097,"1"
1.93023073630929,3.15243228884964,"1"
0.699729386567011,3.08948125010907,"1"
1.70914111040542,-1.53881492701428,"1"
0.0679142655610483,3.74721439059977,"1"
0.538947154882221,3.63139224374134,"1"
1.65893471242691,-1.14198171449024,"1"
0.461013571838636,-1.59477629266905,"1"
1.19023348541136,-6.07917192238977,"1"
2.21139760121623,1.58176764022372,"1"
1.81477087738074,0.555318774952507,"1"
2.4348308432557,1.37921824924515,"1"
0.0184125598273518,0.843397651412159,"1"
1.90074175957545,-1.89220957131158,"1"
0.928522904678374,-0.592287218258266,"1"
-0.545439483136151,5.19240047108576,"1"
1.16734609888043,2.02819731109259,"1"
1.12539472132899,-2.16249558121455,"1"
1.07304076022074,3.69539387271362,"1"
2.37539955945697,-0.0341626589879169,"1"
2.51582710882422,3.99825145772606,"1"
1.81457696991844,4.33129708147952,"1"
2.01496869830099,2.05431229227629,"1"
-0.944936004344655,2.37662051499138,"1"
1.07633141789654,-0.674999238713051,"1"
0.849812938599567,-0.992427065250933,"1"
2.21660013338776,0.656329421020572,"1"
-0.333959980568994,1.28312143971849,"1"
-0.291411056047977,-1.6649743885965,"1"
-0.8054835556734,-0.356081363229667,"1"
0.526641948792112,3.05483415728881,"1"
0.402612431245994,3.31969875456154,"1"
-0.33322688049967,-0.851511323410996,"1"
-0.0744951253090074,-1.90223299059819,"1"
0.411267836139912,0.769231426245744,"1"
0.279629131174828,1.00660051468331,"1"
1.9873613404203,2.90701877755321,"1"
-0.708701312331138,1.58679757018465,"1"
-0.149001888827474,0.649412199618305,"1"
1.03515480195769,-0.333572855948245,"1"
0.184313182929609,1.24375473696566,"1"
1.06535405516996,-2.45270503276612,"1"
0.0644133695403359,3.59730859633213,"1"
0.410016348212029,2.11058595705283,"1"
0.805056523897684,-0.376250874794925,"1"
1.08269864450582,1.33629366391356,"1"
1.80554672882264,0.575598261900845,"1"
0.147570598116641,-1.59334962957165,"1"
-1.54466094581774,2.07251602323848,"1"
1.02346566560052,3.09386196820175,"1"
0.4935951390561,2.29592394975273,"1"
1.4857187913047,-1.41400302485856,"1"
0.997029799143987,4.17371952195381,"1"
0.00677574380999402,1.12004511104059,"1"
1.65741452009177,0.533784089341031,"1"
1.74567867569238,2.0821558095379,"1"
0.164840918190626,1.2696237288938,"1"
0.715578946349678,1.93336982934006,"1"
-0.106422592583727,0.784356115923299,"1"
1.05023773935549,1.6217581232181,"1"
1.17888748968357,-1.11956211556507,"1"
0.0263654765475573,-0.122673021606441,"1"
-0.282898659665474,4.97327553164955,"1"
1.07118473039903,0.195811948342458,"1"
0.804234242395874,0.213556443314124,"1"
0.909864390899012,0.613376211629575,"1"
0.367703764591925,0.256632028790609,"1"
0.267408125559636,-0.626575753366353,"1"
1.58775219383951,-0.0642468705678023,"1"
2.47014135588169,1.25209212760983,"1"
1.87761525317073,0.0450709106188899,"1"
-1.24293116600069,1.03123753469503,"1"
2.13216757964278,0.849189676989439,"1"
0.556285094980855,1.52015677688404,"1"
1.01334177784673,-0.927769032078233,"1"
2.65730762371294,0.549868159005271,"1"
-0.51857493528141,-1.67116708540102,"1"
1.5295288155233,3.7865222818364,"1"
2.12662780770316,0.977281310834132,"1"
1.94033680197113,2.5757103809687,"1"
1.08694193808339,1.06560194120863,"1"
2.55285735482629,-3.80975608342786,"1"
1.16732928488135,0.193746637196462,"1"
-0.745843695944966,-0.387686242871028,"1"
0.860333819327112,0.0835240612354133,"1"
1.9839967781322,2.37445094687539,"1"
-0.110604373315255,2.08317353588614,"1"
1.78017797844276,-1.38437785274477,"1"
0.752732861891127,4.30814386277468,"1"
1.50303989515941,2.82010673402575,"1"
2.75621965936631,1.25407411508601,"1"
1.26596696893616,3.16007655790131,"1"
1.00936885081227,1.76844048765059,"1"
0.467027151738115,-0.645095378926486,"1"
0.953345037413885,-0.125619271410393,"1"
1.78689099906648,-0.295133487626992,"1"
0.219967513901586,-0.803050388396717,"1"
2.128544364619,0.23234639941776,"1"
0.406719414956085,0.749948205831971,"1"
0.517307726908985,4.34209079999389,"1"
1.68599729737075,-0.455307221465947,"1"
1.30209104623959,1.51531241419868,"1"
2.12497562439204,0.379787094419647,"1"
1.82459188602251,3.34978580955714,"1"
2.97628793924985,0.927796406628681,"1"
1.07116826673954,3.46709244487177,"1"
1.28578336114578,1.43160320752242,"1"
2.37532043319316,2.77316217339433,"1"
1.01751479075847,-2.26771848145162,"1"
0.89962853792393,3.259280098992,"1"
0.488816409791897,-3.61610983868236,"1"
1.27470747659781,-0.244349721683273,"1"
0.888491174023778,0.771790744611447,"1"
-0.185330252027347,0.648831210705244,"1"
0.478736234038667,0.557809702831934,"1"
0.447122129183896,0.122979905008342,"1"
0.432379480215844,4.63544574724974,"1"
1.59777662712656,1.60744581562157,"1"
2.71795977635021,-0.785332845022517,"1"
1.5735347527069,-1.02471270997904,"1"
0.517974602378072,2.02281150229608,"1"
0.440112965450694,0.0347127858527025,"1"
2.47292606102964,4.18844492128213,"1"
0.269130210977284,0.923421552280067,"1"
1.99176235732828,-2.73256612146711,"1"
0.562666852896297,2.87216096512466,"1"
1.38318417727628,0.396530642635176,"1"
-0.00425338006401232,2.61959288621378,"1"
2.45965683471903,-3.38245160263171,"1"
0.594660817464909,4.88134302379155,"1"
1.4849652611768,0.595805473229087,"1"
-0.169628584086594,0.26030780999988,"1"
1.7597938360206,1.39557818001285,"1"
0.545263739267281,-0.841193566102099,"1"
0.892292756652665,-1.40732493697328,"1"
3.67487085888599,4.14493017356783,"1"
1.67841919507748,1.23282520485681,"1"
0.53368687470463,4.69246658441196,"1"
-0.291395031193169,2.92147111936617,"1"
1.23254089109578,2.72509987060105,"1"
2.41142798959315,0.973970303619135,"1"
1.20226401394169,-4.57202945951288,"1"
0.841999634020682,2.66327599018547,"1"
3.18853151354752,-1.29218712744821,"1"
1.2312501026686,1.04529671482332,"1"
2.37912958917576,0.507494489970611,"1"
0.994874654620242,-0.926005653706667,"1"
0.980626522133789,-1.31733587724158,"1"
0.842925601789805,-0.201442010418793,"1"
0.83599824943615,-0.367594542083696,"1"
2.6629786051937,-0.143340027009717,"1"
0.964541308872098,0.205875379142574,"1"
1.71473472752899,3.53490919020683,"1"
0.643213668401667,-1.05064591390073,"1"
1.40971657440618,2.05950868646038,"1"
0.63687253780923,2.36349878706045,"1"
1.20341075466684,-1.56910606802075,"1"
1.61059648451207,-1.39257688999102,"1"
2.32260721680306,1.74859113830786,"1"
2.63734154231024,0.808812362228829,"1"
-0.560032098277394,-1.78128828737179,"1"
2.28583085297552,-0.214144697026142,"1"
0.0200681014344773,1.60485580256316,"1"
0.743102992763778,-1.1363853072392,"1"
-1.53138815852049,0.0981455435214381,"1"
1.35441123056242,0.30204321638966,"1"
0.853921076231095,0.0948315950485464,"1"
1.23490419912408,2.40251554295384,"1"
2.32659831549709,-2.14626230214963,"1"
1.21828297083671,0.493329267905199,"1"
2.05290401267231,5.44608892229032,"1"
0.992145737217044,1.85700336273292,"1"
2.05633848190141,4.04340241150105,"1"
2.19958805043073,-3.11780853024558,"1"
-0.156627320287049,0.391829456072769,"1"
2.89912736968198,1.28367974013303,"1"
1.09232327402682,1.19760825636529,"1"
1.59297127076744,3.54968484867745,"1"
2.00698981067853,-3.72365932877933,"1"
-1.10406016701808,0.831121056913271,"1"
1.75632941889377,-2.16143210364385,"1"
1.70724595490141,-1.09197534558243,"1"
1.2591413343555,0.996630363970302,"1"
-0.175553076117196,4.4892575256848,"1"
1.71827450655494,6.72428549512792,"1"
1.71798614675111,0.341456258626376,"1"
0.869520465515862,-0.0946562980642665,"1"
-0.281760300848475,-3.34102315949136,"1"
1.00056321557891,4.08800321784317,"1"
1.38859409207341,0.370344107589657,"1"
1.79083334149172,1.37717118112548,"1"
1.58434193260284,2.02998477653187,"1"
0.82976565364149,3.08240423088485,"1"
1.32115238488049,-2.11518507964416,"1"
1.62640779457702,4.94730016430485,"1"
1.30348326154727,4.97912651160686,"1"
1.48032604872191,2.09031634992042,"1"
0.76735831761646,-3.11224936943731,"1"
-0.147360738720332,0.639896651116561,"1"
-0.100314672710337,-2.13782731648197,"1"
0.951656788743151,-0.195780244488982,"1"
3.4173392818266,1.21916128132008,"1"
1.44995201030851,1.98154785952741,"1"
1.05021953654968,2.30937857599587,"1"
1.5317826832833,2.54143721829669,"1"
1.99312566581376,3.08702018548354,"1"
1.05782378162698,-1.52649164917408,"1"
-1.6536263152695,0.101129882956072,"1"
-0.517405376167388,0.363877614452983,"1"
0.75734271145871,1.58548179477822,"1"
2.67191310731146,4.39583144678814,"1"
1.91867366504765,1.46462969117263,"1"
1.42220891882417,0.904270475262776,"1"
-0.593512579299883,4.898251676595,"1"
2.1866645559439,3.3483002955896,"1"
0.494160831715022,2.15651652981563,"1"
1.49219273420451,-2.1346091423274,"1"
0.83198030218451,1.75521235529049,"1"
1.40309693670925,-0.254998727935035,"1"
2.88265879830795,4.7110966353668,"1"
1.6963006714933,-0.284406602660695,"1"
0.0624050136337359,-1.5988207118753,"1"
0.345404371936234,-2.67645562396073,"1"
1.49755369216125,-1.92696250614651,"1"
-0.198166170585985,2.36220606069748,"1"
1.40761948320593,3.27663482582587,"1"
1.50172298879978,0.865914580463617,"1"
1.44005354347935,-2.04392224160743,"1"
1.10962165900656,1.37808909723342,"1"
1.78104119902131,0.906981377588865,"1"
1.09576593058142,-1.67051573151174,"1"
1.54878590676387,-2.81048704884775,"1"
1.20427436816758,1.81607797183443,"1"
2.42675103863215,2.85054154434254,"1"
2.02432421695447,-2.59628424001002,"1"
2.6023218783602,0.129133290868178,"1"
3.64712003801142,-0.347498663177331,"1"
-0.178813468353093,2.42710121017152,"1"
0.987898935429782,3.51973930398582,"1"
0.523023201397651,-0.885442093420285,"1"
1.76067554844198,0.500097152973459,"1"
2.07886319082688,2.28568846636262,"1"
0.772405346119722,1.35189904874647,"1"
1.36861980927607,-1.33789888353217,"1"
0.420567465149975,1.59467952213596,"1"
2.8524483219266,2.61342731499444,"1"
1.48818745798853,2.85300268711387,"1"
1.45830989514101,-0.303886716882661,"1"
2.21580446481486,-1.17301672371549,"1"
0.0248962880407638,1.6260526254485,"1"
2.69153299141249,-0.144775049418585,"1"
2.05126310270962,0.637490445264708,"1"
1.4856470358289,-1.8718656396052,"1"
-0.0619410572498227,4.78521328198879,"1"
1.02449069646886,1.13570744933332,"1"
-1.57241652175319,3.44059509670034,"1"
0.86630104931143,1.90924612948941,"1"
1.36168039468796,1.78283357787058,"1"
0.597971971929808,4.76999525370749,"1"
1.13578920879057,0.66172178112605,"1"
2.62182543432759,0.253969295659787,"1"
-0.346464026983812,-3.17736147831909,"1"
0.898381657561609,-0.188792001604831,"1"
0.784106924876066,1.15051999692616,"1"
3.1669253902978,2.29080993080304,"1"
0.802667349267088,3.5473551638465,"1"
0.692660774803254,2.04404305372492,"1"
2.16263285107803,0.814302238924037,"1"
-0.901948182122623,0.0134675967930951,"1"
2.86369238711066,0.574382008210921,"1"
2.13666002123292,1.88547890129408,"1"
1.06990448027176,-4.25176627475206,"1"
1.71641383394589,-0.209223444321832,"1"
0.629415502325957,-0.0673367243798106,"1"
2.81218653480987,-1.39261813989232,"1"
-1.69176770525047,2.09302671126385,"1"
1.76892640909358,0.626484401497871,"1"
0.770640244581208,4.26037126931635,"1"
-1.16467144096662,-1.15555207492838,"1"
1.73911491995131,1.77321745613243,"1"
2.29639717227091,-0.607116715015535,"1"
-0.602625668586428,2.86650194110461,"1"
2.80608925390866,0.886992734870719,"1"
2.88591131889724,4.15676685684809,"1"
1.50228462431414,1.85982842511116,"1"
-0.265645528884795,5.47246466109106,"1"
1.33196837785651,0.721435228864529,"1"
0.265406174374185,-4.55518552784785,"1"
0.677146041216537,-1.07117294753187,"1"
1.0547526501967,4.08736983749885,"1"
1.96444625436531,-2.66460569757762,"1"
1.13296134268662,-1.06680407692227,"1"
-0.728287213391916,-1.31974206361106,"1"
-0.393443600966161,-1.00386289062837,"1"
2.34839194301861,-2.55167277482707,"1"
1.37037469418889,1.08392117264885,"1"
0.867249511701858,0.972115949573665,"1"
0.633960699568103,0.789652107666055,"1"
2.66024437713918,4.11015524387671,"1"
1.44320494080869,0.12266655714044,"1"
2.20986845535591,-1.84585198971769,"1"
0.941102336467919,1.40747259839677,"1"
1.74301063546612,0.244602133869718,"1"
3.37868017675574,-0.77586391408562,"1"
-0.0360762496421501,5.73557284510422,"1"
1.56115403980983,0.108119895796583,"1"
0.0655834886526961,1.95900311433135,"1"
1.23698054975645,-1.67880481596375,"1"
0.89257096653497,2.15544624787223,"1"
1.45405688085794,-1.38064566260431,"1"
2.97320990296075,-1.15207496658724,"1"
1.19395116359734,3.17208077147065,"1"
1.07872593080429,3.94036672726618,"1"
3.71433114529866,3.23269936867559,"1"
1.98875810401669,-1.05185465411139,"1"
2.69442588921929,0.912284134028809,"1"
1.40892433361665,1.23041895600339,"1"
0.823596804227663,5.16343260072924,"1"
3.04906619307376,-0.689377644815919,"1"
0.57741533807259,0.999914107586543,"1"
-0.224388998339023,2.23228981815465,"1"
1.59278908810536,3.71120922726436,"1"
0.162041583630037,3.00906890601694,"1"
1.91718210197841,0.706754207250842,"1"
-0.26132827478245,0.492870535964457,"1"
2.66695065908591,2.44462702970358,"1"
1.59390563068261,-4.77003586196451,"1"
1.01611145157838,2.22941784942696,"1"
-0.135184215784488,0.0478975247051578,"1"
1.31570473843808,1.32778278391517,"1"
1.95765835640762,0.737807353886732,"1"
0.953237856336116,3.16512778825398,"1"
1.05609425652492,-1.56321722967965,"1"
0.105218525254983,2.54684930041388,"1"
1.76737422152649,2.40194799372744,"1"
1.5388854941874,3.26265998482109,"1"
0.561623790712268,3.80463501928215,"1"
-0.338504580037955,2.52805072376341,"1"
0.604493225803756,2.41334793199734,"1"
0.883861470801589,0.0372042172306748,"1"
1.0488398955331,1.62260601144874,"1"
0.995579812221076,0.609009312278391,"1"
0.109953324748999,3.39557223884108,"1"
1.04657501176567,1.52343581210024,"1"
2.33969527376543,4.4030023809901,"1"
2.55129531436729,0.355387669182144,"1"
1.66214214590021,4.27946564039398,"1"
-0.318246400692133,-1.72988158997271,"1"
1.12335770906211,-0.184060727606914,"1"
3.17780380590271,3.50624937161515,"1"
-1.67665821513735,-2.33196364027761,"1"
1.84247736003248,1.77101265106738,"1"
3.13847170864168,1.42559827264484,"1"
2.84052267906985,-2.92439813358025,"1"
-0.0661020388379676,1.33231305665397,"1"
0.511335755280556,-0.607888307134433,"1"
-0.183375483684803,-0.0781294320601542,"1"
-0.557069831063617,-0.343446974689405,"1"
1.91357541960314,-0.534473327409204,"1"
1.92027062037181,1.65838797187931,"1"
1.39761504151356,-3.29573847997976,"1"
-0.914849912692766,1.28352323935533,"1"
2.75077590174491,2.89122051589999,"1"
0.886236297841163,3.54266923353393,"1"
0.864801649068327,0.980554748976674,"1"
2.52977248486133,-1.377839331636,"1"
0.85431351207116,-0.729742518972669,"1"
0.456191218802062,-2.25390602433834,"1"
1.12107104507379,2.96221038059289,"1"
0.912921941568385,0.405230350154149,"1"
1.61358684519704,3.6990611750668,"1"
1.98777063069445,2.59987186890539,"1"
2.4133831155678,-0.978046857593805,"1"
0.936793653381221,2.88421905478628,"1"
0.4055567010349,2.43436390937913,"1"
1.08512913237081,3.07031166253408,"1"
-0.847114933864444,1.66280499795534,"1"
2.02242819977201,2.10238412486433,"1"
2.44087331345589,0.851561969855477,"1"
0.886845595839568,2.71295967429124,"1"
0.814415899993639,3.85610369980578,"1"
3.08176744409335,-0.134980210212389,"1"
-0.0877564239287225,3.64202038752167,"1"
1.71816185087294,2.43900878785312,"1"
0.0349017692552513,1.33291755877137,"1"
2.06034336593422,0.267551872030883,"1"
1.33977412033419,-3.63277572172902,"1"
2.18834791279017,-1.78067205299026,"1"
-0.586185023304346,3.6058676483979,"1"
1.7368181820323,-0.142218978317329,"1"
0.579619193924364,2.79183875785737,"1"
2.09070441965676,0.895943014686722,"1"
0.329920154396018,0.200897512052777,"1"
1.43389009594629,0.624972173241887,"1"
0.00629504631015876,-0.844820404435421,"1"
0.977413500329142,0.97852029729072,"1"
0.49976304761735,0.63665664881645,"1"
1.18954144649069,2.00597792698303,"1"
2.67391946012022,6.09445630470117,"1"
1.52214883942982,-0.784840256067745,"1"
1.72831260720552,-1.31784605444676,"1"
2.49328375009263,-0.696499832730674,"1"
1.30768194106834,4.86604483158738,"1"
1.70254335096102,1.03261943625729,"1"
1.64146852242195,4.31043793647927,"1"
0.140364526676927,2.2347679861654,"1"
2.3358365632773,-0.0680175550251816,"1"
1.5283728438657,0.852603543975812,"1"
1.10945948622736,3.20036176223998,"1"
0.846421997901178,0.68748417836996,"1"
0.613626874936711,-0.693638987562447,"1"
-1.17292680199008,-0.435812400745402,"1"
2.69978276008307,0.861613440118282,"1"
-0.27818884065016,-0.150815468502524,"1"
-0.389644485386085,-2.00518501594185,"1"
1.9312537192913,0.417741834854292,"1"
1.67716979283273,-0.253540783294362,"1"
-0.442477675291478,-0.180903126304423,"1"
0.207753202994388,-0.863739949179039,"1"
0.982303434092837,2.98612562116526,"1"
1.04356502407151,-3.0470619593695,"1"
2.89484579534605,3.36063707708885,"1"
3.41416347802723,0.518673672163901,"1"
3.07128941428934,1.4654281552447,"1"
0.626531655909419,-0.666691264643287,"1"
-0.463408079931805,3.07143852093839,"1"
2.2928747106484,3.2879690883428,"1"
1.70520858062004,1.57568988711036,"1"
1.25763314293995,4.98997248744779,"1"
0.554395662955951,-0.352787901917959,"1"
1.41160559140438,-0.173702839384489,"1"
-0.27436761285349,-0.793791154721603,"1"
1.50266014233635,4.80005952760493,"1"
2.55883385955605,-1.21108779366666,"1"
1.17719867563835,5.06382666313406,"1"
2.40906126047474,2.89958627861051,"1"
1.20970930318381,3.44631357237505,"1"
2.08705296268649,0.613017688370186,"1"
0.204499887631182,0.420485287482634,"1"
-0.436050345702691,2.75471249800091,"1"
0.8947851956004,-3.66936768721144,"1"
-0.0970652003917365,1.77238686851389,"1"
2.02091914912631,1.75033639541418,"1"
-0.140894967171342,-0.50339691821458,"1"
4.06452389269812,3.87360929095019,"1"
1.32255541438129,0.785030229682486,"1"
0.948467163050857,2.57954817863743,"1"
0.782094457584661,-0.0890047567689396,"1"
0.725419674378562,1.05524780123787,"1"
1.96967721750677,-3.39881298800988,"1"
2.94809379777504,1.35970643744627,"1"
1.41505676327374,2.2936810068724,"1"
0.346000015548959,-1.23989893261713,"1"
-0.00474525673975323,2.13353708267075,"1"
1.63412806948818,-1.4200719170917,"1"
0.907077583539274,-1.95681815525978,"1"
1.38788066822738,-0.0212509407551194,"1"
0.197195575235454,1.55260144968449,"1"
2.13685858582264,-2.38165621347879,"1"
0.49653239101561,4.84347066865073,"1"
1.56604470701561,6.23761870801585,"1"
-0.399180779535461,1.30807414853543,"1"
0.086564165961479,3.38200994387028,"1"
2.33709739029276,1.92086659188865,"1"
2.67752759544385,2.93382394084754,"1"
-0.442647950498013,0.471696830617896,"1"
2.02351919565167,-3.60308395746712,"1"
1.32220424077617,0.12409185866366,"1"
0.576787551839927,-1.21758524525447,"1"
1.36901919033196,1.54422863497705,"1"
1.58990002107531,1.7439752677511,"1"
1.44597449841747,2.05369687924922,"1"
0.35193244195084,3.04367413674548,"1"
2.09423028568049,1.15461196502241,"1"
0.725361791597979,1.15054288850935,"1"
1.97051912976969,-0.042647046369868,"1"
1.83333130836204,2.41049494988081,"1"
-1.05450510036012,-0.36849888161423,"1"
-0.263237748243503,3.31255568861158,"1"
-0.0481856612777782,0.148902376821689,"1"
0.765126871857008,3.38057817601502,"1"
1.54071372271486,0.821470982832613,"1"
0.287830748353584,2.00842230397567,"1"
0.893356934780364,-4.1673863916811,"1"
1.95219954630777,1.94932522436914,"1"
0.557208228180174,1.313520205103,"1"
0.251269807331723,5.05858926536293,"1"
1.11433454083867,3.77636856244281,"1"
2.35648408922355,-0.424763351317384,"1"
0.309871006716175,1.54849094863596,"1"
0.619213369595144,3.23165754973717,"1"
1.17235018700091,2.02512903091966,"1"
-0.767203440197991,-0.340446862545826,"1"
1.27695294750467,1.8639355521204,"1"
0.0391084450626771,1.05486113169675,"1"
0.630398245673756,2.61568487659372,"1"
1.29753273797359,1.04611138900951,"1"
2.10191446139562,0.675893012618957,"1"
1.08654472160244,1.03399580386615,"1"
1.1501724295035,1.96582906561603,"1"
1.88260839438736,1.63184965783752,"1"
1.2282383747815,0.783231225774194,"1"
2.10506099653127,2.17743819386496,"1"
0.683617275791339,1.73271326455699,"1"
0.238910441719283,0.224747381103031,"1"
-1.35080300639401,-0.530599708937313,"1"
1.46216751757757,5.34780494225327,"1"
-1.03671690321643,1.31727513217808,"1"
0.243385219052912,0.578736012464428,"1"
1.75626507874007,-0.999468962438758,"1"
0.0562554751067489,0.935737861845751,"1"
-0.514502498106527,-2.23806903952833,"1"
0.611786252224204,0.242794045763323,"1"
-0.595048664245916,-1.21787332003807,"1"
1.05550067677778,-1.74523787636299,"1"
2.3713157196375,-3.11807009391498,"1"
0.00847451036496549,1.50386778841121,"1"
-0.0639450959010919,0.566195490088133,"1"
0.16175102683363,2.31754725961973,"1"
1.45200754735798,2.59992758523412,"1"
1.36472868847561,5.17189234740916,"1"
0.928515144438043,1.40467643148577,"1"
-0.529768633694101,0.323823708924661,"1"
1.95413636180826,1.16368504544625,"1"
2.7080180168601,5.01210607640722,"1"
0.212078652863316,-3.02049837475482,"1"
2.13637384584441,4.73015422304153,"1"
2.02461750297628,0.575227521683578,"1"
1.21103628475233,1.89215120217293,"1"
1.52059967823211,1.75512383622889,"1"
0.376341191134085,-0.145221050405529,"1"
1.31250115319682,-0.414855666178947,"1"
1.52120348534775,1.89637596181636,"1"
0.49467739401522,0.586775693029774,"1"
1.02961401962641,5.10468830485718,"1"
0.231442399521992,-0.130517558927517,"1"
2.66666340779812,-2.08080201417543,"1"
2.14504612633599,-2.12389912829935,"1"
1.47122158783589,1.07152207446875,"1"
0.648149767672401,-0.88750999966953,"1"
1.36737661585478,-2.73094342501655,"1"
1.11055393642606,0.0267401164140441,"1"
2.19753212524764,4.02566485694307,"1"
0.273233262902779,0.504277267330001,"1"
1.1344291892691,3.17063573085023,"1"
2.29614591705562,3.57525991134076,"1"
0.661296411754869,2.20859308443407,"1"
1.92076740725518,4.28952748606732,"1"
0.113748383194523,5.34500025814668,"1"
1.71485430154827,3.07482514239301,"1"
-0.0755716306899064,0.0514894604545141,"1"
0.930187419660633,-0.525046387590964,"1"
0.427390296468684,-1.25538397719428,"1"
1.12272654070916,3.45757906840403,"1"
0.412426981473849,-2.67833622693331,"1"
1.4978261386584,2.01296329928675,"1"
1.5236044051708,2.24989981679855,"1"
-1.98085477937824,4.77385343861655,"1"
1.45988026036428,1.78285527919995,"1"
-0.1872535150137,1.88864711834643,"1"
0.246056002433177,1.4220228473248,"1"
0.863247920071944,1.02648798930901,"1"
1.68010558704666,0.888549266986251,"1"
0.500901981439332,-0.653854327093314,"1"
0.710168013026181,0.0149213921426542,"1"
1.97511014865394,1.19591884173811,"1"
0.502839573747218,1.8464904759065,"1"
0.480766855151611,4.83822286019146,"1"
-0.244738349004367,0.679120008459413,"1"
2.02158087612774,-0.265661729703132,"1"
0.796565154569945,1.82255640758699,"1"
-0.0145804211440073,2.99657534105462,"1"
-0.632289904655952,0.531677576205047,"1"
-0.655109501482916,-0.666941576907385,"1"
3.30888335087111,0.472888742334286,"1"
2.99710850259121,0.514316056682046,"1"
0.445260453621882,-0.0589531509950398,"1"
1.7047356485598,-0.877771585781234,"1"
1.87526613356922,-0.488734090731966,"1"
2.72907281236682,-0.629984555346181,"1"
-0.690232984102798,3.9818889256748,"1"
1.70363307495481,-0.925387160114911,"1"
-0.197536992094261,0.998245154437478,"1"
1.70100820351679,0.505317552687924,"1"
0.99372328971294,1.28932741906531,"1"
1.53244611820414,-1.35207170318482,"1"
3.48365406783546,-1.66333812542728,"1"
-0.360768329500417,0.529815087334949,"1"
0.910445017607141,1.40165747545967,"1"
0.734634658126566,0.779972433817546,"1"
0.786217177965223,2.51189651048308,"1"
0.844773627928405,0.493986602151546,"1"
-0.651303543783388,-2.51905335892479,"1"
0.607214002595945,-0.873029475827986,"1"
-0.765240392397684,-2.51862289769995,"1"
1.72248219451733,1.21180597039807,"1"
1.39013700284174,-2.2879268763951,"1"
0.34518537889746,0.821714503490791,"1"
0.310588533200509,1.2847967690084,"1"
0.463310878658684,3.83917799756106,"1"
1.5257375674052,0.279995103279209,"1"
1.42555486490149,0.177420339296825,"1"
2.07092478679444,3.09364434787855,"1"
0.639425683621063,0.507758889538706,"1"
3.6328439945096,1.16574642821518,"1"
0.00625341734978835,1.68721838046872,"1"
1.04992258735778,-4.0146312363467,"1"
1.32845797646477,3.23283224455357,"1"
0.603308043597505,3.51393339443604,"1"
1.12652026249622,3.1601235339759,"1"
0.966786884128825,1.19100239010287,"1"
0.4897027276974,2.81722716787523,"1"
0.612483875439152,5.12210880110352,"1"
0.567355348267337,-0.259305491979086,"1"
0.219102544834298,1.22460835394376,"1"
1.87059959591654,3.83960552192185,"1"
1.69273861919213,-3.52322655292667,"1"
1.71337924683944,4.07215972648333,"1"
1.31857072093427,-5.4161137522105,"1"
1.43668171701086,-0.226502153442457,"1"
0.965039649857111,-0.812276241986123,"1"
0.48597864884611,1.29406223741627,"1"
-0.343876103410602,1.32692313776219,"1"
0.457090776677597,1.8460337086484,"1"
-0.231612613942317,3.21335093699431,"1"
1.05309923726693,-5.40422011148744,"1"
0.0460956302666283,0.58968998461973,"1"
1.35245940357179,2.17917655482762,"1"
2.57400710197297,-0.255490666419926,"1"
1.86816497695199,-1.96874020489921,"1"
0.599100712875494,-0.278695367257042,"1"
1.21639104725635,-1.5222752593376,"1"
2.98796868828322,2.96460953624109,"1"
0.693179712054341,-1.62632704451108,"1"
0.092788835478291,0.814626099166463,"1"
-1.50332774743482,-0.165585023180807,"1"
2.12082698678478,3.3302344362322,"1"
0.777415200534069,1.54361897237544,"1"
0.0897380017442144,-0.482242120074729,"1"
0.573213575762848,2.50136507468073,"1"
1.6493286576328,0.103408875082432,"1"
2.05941538299433,-4.39060932099589,"1"
0.672840808647847,3.63933803747857,"1"
2.55851138518142,2.72127488847052,"1"
1.14213686204812,1.40472654829428,"1"
0.499747984662115,-1.30138370673079,"1"
0.391448309296321,0.705850217693559,"1"
-0.435828592133655,0.51365527212139,"1"
3.02669502369221,-1.03599489692151,"1"
-0.309856189113294,-0.232901734569221,"1"
2.02441869444659,-0.66549866878046,"1"
2.44207722389048,-1.53843807504033,"1"
0.685691009709792,-0.228395564525,"1"
0.435623474864403,-0.129794121988424,"1"
-2.07124303553711,-1.62893218644732,"1"
1.67705613577209,4.19823419110046,"1"
0.0210120633517913,0.138685614384343,"1"
-0.622098857632128,-0.294391258681789,"1"
1.36100567126959,-0.574699892866215,"1"
1.26441444244567,0.771243489545587,"1"
-0.630803545739531,-0.974680567395164,"1"
-0.781795608225646,-1.23010000998972,"1"
2.58649048041527,-0.551932325096398,"1"
0.343907571639005,-0.930097973287525,"1"
1.74686332028939,2.35581107250386,"1"
2.29653625864232,2.99872838071531,"1"
0.531529101347246,2.142971258024,"1"
1.42336909720029,4.14388639348975,"1"
1.2402566236161,1.63284545816517,"1"
0.45582959969064,1.2453032941731,"1"
1.95467564062329,3.98458313899509,"1"
1.78258698863119,2.06306977269986,"1"
1.56723274862005,1.31356426350767,"1"
0.597259774392498,1.1509716102224,"1"
-0.202630294883767,0.255230794479314,"1"
1.65239115537052,2.23402031408816,"1"
0.552860496993252,1.31696199991962,"1"
0.486001062364696,-1.24552672875037,"1"
0.552860977774735,-3.22370739647471,"1"
0.271901367441251,0.506599287693265,"1"
0.386384321939843,1.20789569708308,"1"
0.199421447933197,3.64740780838087,"1"
1.03116407876605,-0.647227346647061,"1"
0.133248268677717,-1.50516315754823,"1"
-0.0501979652639011,2.65304960161973,"1"
0.156329744075695,-3.33336188695743,"1"
1.7740149930723,2.19736265610037,"1"
2.19722467606599,0.263652261159847,"1"
1.70231979899072,1.15069411672666,"1"
-1.26265058199372,3.10941047871151,"1"
0.102674688471008,5.79770974287336,"1"
2.26319966951482,3.58117003087756,"1"
2.98848557773541,1.4184138125239,"1"
0.555303433428406,-2.31695502723417,"1"
1.58233019693914,-0.422415148412174,"1"
2.36899877314235,1.12240187862606,"1"
0.747165142573342,3.01728670964141,"1"
0.344771164057163,6.26826273250548,"1"
0.694667098488951,1.19698640302492,"1"
0.310791205907967,1.62856131980282,"1"
1.92017453171611,-2.02429391073758,"1"
0.985297649578519,2.21130331682932,"1"
-0.0168808454476916,3.23127911171351,"1"
0.739836242821402,3.07295179217048,"1"
1.4910792548334,-1.65174409976781,"1"
2.10955732912838,0.281781709822633,"1"
2.72339651005851,-0.608534681648296,"1"
2.42730551787371,-1.17357855126087,"1"
1.57212115124666,3.8495867683534,"1"
0.593928648453041,1.0982943750717,"1"
-0.0312651675930855,3.06116044527158,"1"
1.7965517680036,-0.334430671310639,"1"
1.23349765071614,4.72439008863592,"1"
0.943846888106687,-0.95446398867597,"1"
1.94948483151327,1.38643448242075,"1"
-0.017300638290644,1.02855800816923,"1"
-0.520106645752296,-0.346698596290052,"1"
0.250635998608985,0.931439507030762,"1"
-1.97229677488889,2.38926065463698,"1"
1.7302116888028,-1.2679335783451,"1"
0.943517903559579,0.483288596025267,"1"
-0.248763827717512,0.793778838231506,"1"
2.66919588438668,-1.5560080242571,"1"
1.74579934434221,1.98017434559146,"1"
-0.996707386758894,-1.81767063400784,"1"
1.91784513452393,-0.498961510868232,"1"
-0.238439368523842,4.2288968088874,"1"
0.610625697090673,1.52683949292566,"1"
0.79747835201936,3.11537782608956,"1"
1.26189733501909,1.21539812567275,"1"
1.83092160102577,2.72254894881392,"1"
1.33030925168789,3.1799248683303,"1"
1.59878852713008,1.9940852340015,"1"
0.541930198721619,2.83493058478487,"1"
0.589661688652224,-0.652205680066258,"1"
1.04583343733177,1.04992456193119,"1"
0.104961279394524,-0.297983477369602,"1"
0.445286761804041,-1.10309370213567,"1"
0.896669586978029,-1.86888540166581,"1"
-0.380618519773658,-1.99878505799703,"1"
1.02201886006651,1.19992744363115,"1"
0.884879370277547,0.196922384824109,"1"
3.34462340773858,-0.95443368318944,"1"
1.89723177068392,0.816515414395679,"1"
0.683488627156269,-1.80578947833543,"1"
0.845406077641153,2.28358258045473,"1"
-0.406118952329504,-0.777527020157818,"1"
1.11964743428886,2.85087225708226,"1"
0.319673077490014,0.741169779581698,"1"
1.12541521945119,0.577917460173789,"1"
1.8713767758443,4.11736092298663,"1"
1.21818825701399,1.81230948284942,"1"
0.741792647739425,2.77056819786367,"1"
1.55852862944432,1.36356884319042,"1"
2.44813615447386,1.74640581881099,"1"
0.604949112175653,0.0449411997703557,"1"
0.837005980823987,0.621979150766875,"1"
1.18136269778794,2.65233750327587,"1"
1.39441568817543,2.47716988147983,"1"
0.728869778621883,0.876817853839733,"1"
1.84943536768175,-1.41645832468371,"1"
2.05770204309892,5.74868804765037,"1"
0.599752575604051,2.98323174428333,"1"
1.96347780243364,1.19938586918645,"1"
0.347097824906557,-1.72400925657596,"1"
1.4530202517109,1.02161540377998,"1"
-0.0234967231732808,-2.23183994197323,"1"
0.138562879421138,2.73159392770483,"1"
-0.00915721783395629,0.728503846817826,"1"
1.57433701064133,-3.79565813716374,"1"
1.28178780328536,1.08263326652635,"1"
-0.850623210662131,-0.588954349641289,"1"
0.504713740112749,-0.371761742727991,"1"
0.4472440407758,0.794911982460626,"1"
1.82487849615548,0.744075069803108,"1"
0.411729496327526,2.33637697438387,"1"
2.00514832311694,0.715592354034051,"1"
1.86428592447696,0.956190812773731,"1"
0.73526912343352,-0.826626060085912,"1"
